id;content;posted_date
1;../fake-data/blob/hipster.txt;2026-04-06T23:33:00
2;../fake-data/blob/hipster.txt;2026-04-07T10:11:16
3;../fake-data/blob/hipster.txt;2026-04-06T16:21:42
4;../fake-data/blob/hipster.txt;2026-04-07T13:59:31
5;../fake-data/blob/hipster.txt;2026-04-07T04:16:20
6;../fake-data/blob/hipster.txt;2026-04-06T20:43:58
7;../fake-data/blob/hipster.txt;2026-04-07T03:31:52
8;../fake-data/blob/hipster.txt;2026-04-06T16:28:42
9;../fake-data/blob/hipster.txt;2026-04-06T17:48:48
10;../fake-data/blob/hipster.txt;2026-04-07T11:14:37
